Name Product,Price,Rating,Reviewers,Availability,Options
"Apple iPhone 11, 64GB, Black - Unlocked (Renewed)",$308.90,4.3 out of 5 stars,"38,578",Only 12 left in stock - order soon.,3 sizes
"Apple iPhone 11, 64GB, Black - Unlocked (Renewed)",$308.90,4.3 out of 5 stars,"38,578",Only 12 left in stock - order soon.,3 sizes
"Apple iPhone 11, 64GB, Black - Unlocked (Renewed)",$308.90,4.3 out of 5 stars,"38,578",Only 12 left in stock - order soon.,3 sizes
"Apple iPhone SE (2nd Generation), 64GB, Red - Unlocked (Renewed)",$147.91,4.3 out of 5 stars,"11,125",Available,3 sizes
"Apple iPhone SE (2nd Generation), 64GB, Red - Unlocked (Renewed)",$147.91,4.3 out of 5 stars,"11,125",Available,3 sizes
"Apple iPhone 8, US Version, 64GB, Space Gray - Unlocked (Renewed)",$131.75,4.3 out of 5 stars,"51,507",Available,2 sizes
"Apple iPhone 8, US Version, 64GB, Space Gray - Unlocked (Renewed)",$131.75,4.3 out of 5 stars,"51,507",Available,2 sizes
"Apple iPhone 12, 64GB, (Product)Red - Fully Unlocked (Renewed)",$392.55,4.2 out of 5 stars,"8,202",Available,4 sizes
"Apple iPhone 12, 64GB, (Product)Red - Fully Unlocked (Renewed)",$392.55,4.2 out of 5 stars,"8,202",Available,4 sizes
"Apple iPhone 12 Mini, 64GB, White - Fully Unlocked (Renewed)",$326.19,4.2 out of 5 stars,"5,849",Available,3 sizes
"Apple iPhone 12 Mini, 64GB, White - Fully Unlocked (Renewed)",$326.19,4.2 out of 5 stars,"5,849",Available,3 sizes
"Apple iPhone XR, US Version, 64GB, Red - Unlocked (Renewed)",$237.78,4.5 out of 5 stars,"58,921",Only 1 left in stock - order soon.,3 sizes
"Apple iPhone XR, US Version, 64GB, Red - Unlocked (Renewed)",$237.78,4.5 out of 5 stars,"58,921",Only 1 left in stock - order soon.,3 sizes
"Apple iPhone 11 Pro, 64GB, Midnight Green - Unlocked (Renewed)",$385.18,4.2 out of 5 stars,"18,191",Only 6 left in stock - order soon.,3 sizes
"Apple iPhone 11 Pro, 64GB, Midnight Green - Unlocked (Renewed)",$385.18,4.2 out of 5 stars,"18,191",Only 6 left in stock - order soon.,3 sizes
"Apple iPhone XS, US Version, 64GB, Space Gray - Unlocked (Renewed)",$230.60,4.3 out of 5 stars,"17,606",Available,3 sizes
"Apple iPhone XS, US Version, 64GB, Space Gray - Unlocked (Renewed)",$230.60,4.3 out of 5 stars,"17,606",Available,3 sizes
"Apple Iphone X, 256GB, Space Gray - Fully Unlocked (Renewed)",$232.22,4.1 out of 5 stars,"1,854",Available,-
"Apple Iphone X, 256GB, Space Gray - Fully Unlocked (Renewed)",$232.22,4.1 out of 5 stars,"1,854",Available,-
"Apple iPhone 11 Pro Max, 256GB, Space Gray - Unlocked (Renewed Premium)",$579.00,4.3 out of 5 stars,"13,868",Available,3 sizes
"Apple iPhone 11 Pro Max, 256GB, Space Gray - Unlocked (Renewed Premium)",$579.00,4.3 out of 5 stars,"13,868",Available,3 sizes
"iPhone 13, 128GB, Product Red - Unlocked (Renewed Premium)",$655.00,4.4 out of 5 stars,330,Available,3 sizes
"iPhone 13, 128GB, Product Red - Unlocked (Renewed Premium)",$655.00,4.4 out of 5 stars,330,Available,3 sizes
"Apple iPhone X, US Version, 64GB, Silver - Unlocked (Renewed)",$222.02,4.2 out of 5 stars,"23,205",Available,2 sizes
"Apple iPhone X, US Version, 64GB, Silver - Unlocked (Renewed)",$222.02,4.2 out of 5 stars,"23,205",Available,2 sizes
"Apple iPhone 13 Mini, 128GB, Red - Unlocked (Renewed)",$499.66,4.4 out of 5 stars,"1,408",Available,3 sizes
"Apple iPhone 13 Mini, 128GB, Red - Unlocked (Renewed)",$499.66,4.4 out of 5 stars,"1,408",Available,3 sizes
"Apple iPhone 14, 512GB, Midnight - Unlocked (Renewed Premium)",$875.00,3.9 out of 5 stars,18,Available,3 sizes
"Apple iPhone 14, 512GB, Midnight - Unlocked (Renewed Premium)",$875.00,3.9 out of 5 stars,18,Available,3 sizes
"Apple iPhone 14 Pro Max, 256GB, Space Black - Unlocked (Renewed Premium)","$1,250.00",3.7 out of 5 stars,18,Only 19 left in stock (more on the way).,4 sizes
"Apple iPhone 14 Pro Max, 256GB, Space Black - Unlocked (Renewed Premium)","$1,250.00",3.7 out of 5 stars,18,Only 19 left in stock (more on the way).,4 sizes
"Apple iPhone 11, 64GB, White - Unlocked (Renewed Premium)",$379.00,4.4 out of 5 stars,"2,085",Available,3 sizes
"Apple iPhone 11, 64GB, White - Unlocked (Renewed Premium)",$379.00,4.4 out of 5 stars,"2,085",Available,3 sizes
